{
  "initial_value": 100000,
  "final_value": 99995.94798297125,
  "total_return": -0.004052017028749105,
  "sharpe": {
    "sharperatio": null
  },
  "drawdown": {
    "len": 1359,
    "drawdown": 0.004744189084276445,
    "moneydown": 4.744221923785517,
    "max": {
      "len": 1359,
      "drawdown": 0.017600665246149817,
      "moneydown": 17.60078707881621
    }
  },
  "returns": {
    "rtot": -4.052099125171636e-05,
    "ravg": -1.9295710119864932e-06,
    "rnorm": -0.00048613369372720136,
    "rnorm100": -0.048613369372720136
  },
  "trades": {
    "total": {
      "total": 52,
      "open": 0,
      "closed": 52
    },
    "streak": {
      "won": {
        "current": 0,
        "longest": 4
      },
      "lost": {
        "current": 2,
        "longest": 33
      }
    },
    "pnl": {
      "gross": {
        "total": 31.20703125,
        "average": 0.6001352163461539
      },
      "net": {
        "total": -4.05201702880859,
        "average": -0.0779234044001652
      }
    },
    "won": {
      "total": 11,
      "pnl": {
        "total": 14.986197143554689,
        "average": 1.3623815585049717,
        "max": 9.396242340087891
      }
    },
    "lost": {
      "total": 41,
      "pnl": {
        "total": -19.03821417236328,
        "average": -0.4643466871308117,
        "max": -1.6651604614257813
      }
    },
    "long": {
      "total": 52,
      "pnl": {
        "total": -4.05201702880859,
        "average": -0.0779234044001652,
        "won": {
          "total": 14.986197143554689,
          "average": 1.3623815585049717,
          "max": 9.396242340087891
        },
        "lost": {
          "total": -19.03821417236328,
          "average": -0.4643466871308117,
          "max": -1.6651604614257813
        }
      },
      "won": 11,
      "lost": 41
    },
    "short": {
      "total": 0,
      "pnl": {
        "total": 0.0,
        "average": 0.0,
        "won": {
          "total": 0.0,
          "average": 0.0,
          "max": 0.0
        },
        "lost": {
          "total": 0.0,
          "average": 0.0,
          "max": 0.0
        }
      },
      "won": 0,
      "lost": 0
    },
    "len": {
      "total": 71,
      "average": 1.3653846153846154,
      "max": 5,
      "min": 1,
      "won": {
        "total": 27,
        "average": 2.4545454545454546,
        "max": 5,
        "min": 1
      },
      "lost": {
        "total": 44,
        "average": 1.0731707317073171,
        "max": 3,
        "min": 1
      },
      "long": {
        "total": 71,
        "average": 1.3653846153846154,
        "max": 5,
        "min": 1,
        "won": {
          "total": 27,
          "average": 2.4545454545454546,
          "max": 5,
          "min": 1
        },
        "lost": {
          "total": 44,
          "average": 1.0731707317073171,
          "max": 3,
          "min": 1
        }
      },
      "short": {
        "total": 0,
        "average": 0.0,
        "max": 0,
        "min": 9223372036854775807,
        "won": {
          "total": 0,
          "average": 0.0,
          "max": 0,
          "min": 9223372036854775807
        },
        "lost": {
          "total": 0,
          "average": 0.0,
          "max": 0,
          "min": 9223372036854775807
        }
      }
    }
  },
  "threshold": 0.7
}