{
  "initial_value": 100000,
  "final_value": 100006.79809732057,
  "total_return": 0.006798097320570378,
  "sharpe": {
    "sharperatio": null
  },
  "drawdown": {
    "len": 310,
    "drawdown": 0.015533888833570982,
    "moneydown": 15.537358398432843,
    "max": {
      "len": 628,
      "drawdown": 0.015533888833570982,
      "moneydown": 15.537358398432843
    }
  },
  "returns": {
    "rtot": 6.797866260395309e-05,
    "ravg": 3.237079171616814e-06,
    "rnorm": 0.0008160767608340858,
    "rnorm100": 0.08160767608340859
  },
  "trades": {
    "total": {
      "total": 17,
      "open": 0,
      "closed": 17
    },
    "streak": {
      "won": {
        "current": 0,
        "longest": 2
      },
      "lost": {
        "current": 2,
        "longest": 4
      }
    },
    "pnl": {
      "gross": {
        "total": 18.32000732421875,
        "average": 1.0776474896599264
      },
      "net": {
        "total": 6.798097320556642,
        "average": 0.39988807767980245
      }
    },
    "won": {
      "total": 6,
      "pnl": {
        "total": 35.2795111694336,
        "average": 5.879918528238933,
        "max": 14.63480044555664
      }
    },
    "lost": {
      "total": 11,
      "pnl": {
        "total": -28.481413848876954,
        "average": -2.5892194408069957,
        "max": -6.619206176757812
      }
    },
    "long": {
      "total": 17,
      "pnl": {
        "total": 6.798097320556642,
        "average": 0.39988807767980245,
        "won": {
          "total": 35.2795111694336,
          "average": 5.879918528238933,
          "max": 14.63480044555664
        },
        "lost": {
          "total": -28.481413848876954,
          "average": -2.5892194408069957,
          "max": -6.619206176757812
        }
      },
      "won": 6,
      "lost": 11
    },
    "short": {
      "total": 0,
      "pnl": {
        "total": 0.0,
        "average": 0.0,
        "won": {
          "total": 0.0,
          "average": 0.0,
          "max": 0.0
        },
        "lost": {
          "total": 0.0,
          "average": 0.0,
          "max": 0.0
        }
      },
      "won": 0,
      "lost": 0
    },
    "len": {
      "total": 821,
      "average": 48.294117647058826,
      "max": 173,
      "min": 6,
      "won": {
        "total": 612,
        "average": 102.0,
        "max": 173,
        "min": 36
      },
      "lost": {
        "total": 209,
        "average": 19.0,
        "max": 40,
        "min": 6
      },
      "long": {
        "total": 821,
        "average": 48.294117647058826,
        "max": 173,
        "min": 6,
        "won": {
          "total": 612,
          "average": 102.0,
          "max": 173,
          "min": 36
        },
        "lost": {
          "total": 209,
          "average": 19.0,
          "max": 40,
          "min": 6
        }
      },
      "short": {
        "total": 0,
        "average": 0.0,
        "max": 0,
        "min": 9223372036854775807,
        "won": {
          "total": 0,
          "average": 0.0,
          "max": 0,
          "min": 9223372036854775807
        },
        "lost": {
          "total": 0,
          "average": 0.0,
          "max": 0,
          "min": 9223372036854775807
        }
      }
    }
  }
}