{
  "initial_value": 100000,
  "final_value": 99982.85832766723,
  "total_return": -0.017141672332771123,
  "sharpe": {
    "sharperatio": null
  },
  "drawdown": {
    "len": 462,
    "drawdown": 0.17321903753574128,
    "moneydown": 173.4898623657209,
    "max": {
      "len": 628,
      "drawdown": 0.17343701947882492,
      "moneydown": 173.70818511962716
    }
  },
  "returns": {
    "rtot": -0.00017143141685345257,
    "ravg": -7.45353986319359e-06,
    "rnorm": -0.0018765291589320056,
    "rnorm100": -0.18765291589320057
  },
  "trades": {
    "total": {
      "total": 21,
      "open": 1,
      "closed": 20
    },
    "streak": {
      "won": {
        "current": 0,
        "longest": 2
      },
      "lost": {
        "current": 5,
        "longest": 5
      }
    },
    "pnl": {
      "gross": {
        "total": 79.24688720703125,
        "average": 3.9623443603515627
      },
      "net": {
        "total": -15.309396270751947,
        "average": -0.7654698135375974
      }
    },
    "won": {
      "total": 6,
      "pnl": {
        "total": 246.95657818603513,
        "average": 41.15942969767252,
        "max": 102.44360311889649
      }
    },
    "lost": {
      "total": 14,
      "pnl": {
        "total": -262.2659744567871,
        "average": -18.733283889770508,
        "max": -46.33444323730469
      }
    },
    "long": {
      "total": 20,
      "pnl": {
        "total": -15.309396270751947,
        "average": -0.7654698135375974,
        "won": {
          "total": 246.95657818603513,
          "average": 41.15942969767252,
          "max": 102.44360311889649
        },
        "lost": {
          "total": -262.2659744567871,
          "average": -18.733283889770508,
          "max": -46.33444323730469
        }
      },
      "won": 6,
      "lost": 14
    },
    "short": {
      "total": 0,
      "pnl": {
        "total": 0.0,
        "average": 0.0,
        "won": {
          "total": 0.0,
          "average": 0.0,
          "max": 0.0
        },
        "lost": {
          "total": 0.0,
          "average": 0.0,
          "max": 0.0
        }
      },
      "won": 0,
      "lost": 0
    },
    "len": {
      "total": 872,
      "average": 43.6,
      "max": 173,
      "min": 1,
      "won": {
        "total": 612,
        "average": 102.0,
        "max": 173,
        "min": 36
      },
      "lost": {
        "total": 260,
        "average": 18.571428571428573,
        "max": 40,
        "min": 1
      },
      "long": {
        "total": 872,
        "average": 43.6,
        "max": 173,
        "min": 1,
        "won": {
          "total": 612,
          "average": 102.0,
          "max": 173,
          "min": 36
        },
        "lost": {
          "total": 260,
          "average": 18.571428571428573,
          "max": 40,
          "min": 1
        }
      },
      "short": {
        "total": 0,
        "average": 0.0,
        "max": 0,
        "min": 9223372036854775807,
        "won": {
          "total": 0,
          "average": 0.0,
          "max": 0,
          "min": 9223372036854775807
        },
        "lost": {
          "total": 0,
          "average": 0.0,
          "max": 0,
          "min": 9223372036854775807
        }
      }
    }
  }
}