{
  "initial_value": 100000,
  "final_value": 99952.3549273988,
  "total_return": -0.04764507260119717,
  "sharpe": {
    "sharperatio": null
  },
  "drawdown": {
    "len": 1689,
    "drawdown": 0.04764507260119717,
    "moneydown": 47.64507260119717,
    "max": {
      "len": 1689,
      "drawdown": 0.04764507260119717,
      "moneydown": 47.64507260119717
    }
  },
  "returns": {
    "rtot": -0.00047656426472431545,
    "ravg": -2.0720185422796324e-05,
    "rnorm": -0.005207878460156746,
    "rnorm100": -0.5207878460156746
  },
  "trades": {
    "total": {
      "total": 192,
      "open": 0,
      "closed": 192
    },
    "streak": {
      "won": {
        "current": 0,
        "longest": 3
      },
      "lost": {
        "current": 7,
        "longest": 18
      }
    },
    "pnl": {
      "gross": {
        "total": 82.71014404296875,
        "average": 0.4307820002237956
      },
      "net": {
        "total": -47.645072601318354,
        "average": -0.24815141979853308
      }
    },
    "won": {
      "total": 39,
      "pnl": {
        "total": 24.987789001464847,
        "average": 0.6407125384990986,
        "max": 9.396242340087891
      }
    },
    "lost": {
      "total": 153,
      "pnl": {
        "total": -72.63286160278324,
        "average": -0.47472458563910613,
        "max": -3.0835439453125
      }
    },
    "long": {
      "total": 192,
      "pnl": {
        "total": -47.645072601318354,
        "average": -0.24815141979853308,
        "won": {
          "total": 24.987789001464847,
          "average": 0.6407125384990986,
          "max": 9.396242340087891
        },
        "lost": {
          "total": -72.63286160278324,
          "average": -0.47472458563910613,
          "max": -3.0835439453125
        }
      },
      "won": 39,
      "lost": 153
    },
    "short": {
      "total": 0,
      "pnl": {
        "total": 0.0,
        "average": 0.0,
        "won": {
          "total": 0.0,
          "average": 0.0,
          "max": 0.0
        },
        "lost": {
          "total": 0.0,
          "average": 0.0,
          "max": 0.0
        }
      },
      "won": 0,
      "lost": 0
    },
    "len": {
      "total": 359,
      "average": 1.8697916666666667,
      "max": 14,
      "min": 1,
      "won": {
        "total": 119,
        "average": 3.051282051282051,
        "max": 8,
        "min": 1
      },
      "lost": {
        "total": 240,
        "average": 1.5686274509803921,
        "max": 14,
        "min": 1
      },
      "long": {
        "total": 359,
        "average": 1.8697916666666667,
        "max": 14,
        "min": 1,
        "won": {
          "total": 119,
          "average": 3.051282051282051,
          "max": 8,
          "min": 1
        },
        "lost": {
          "total": 240,
          "average": 1.5686274509803921,
          "max": 14,
          "min": 1
        }
      },
      "short": {
        "total": 0,
        "average": 0.0,
        "max": 0,
        "min": 9223372036854775807,
        "won": {
          "total": 0,
          "average": 0.0,
          "max": 0,
          "min": 9223372036854775807
        },
        "lost": {
          "total": 0,
          "average": 0.0,
          "max": 0,
          "min": 9223372036854775807
        }
      }
    }
  },
  "threshold": 0.55
}