{
  "initial_value": 100000,
  "final_value": 99972.27392065435,
  "total_return": -0.027726079345651668,
  "sharpe": {
    "sharperatio": null
  },
  "drawdown": {
    "len": 1537,
    "drawdown": 0.027726079345651668,
    "moneydown": 27.72607934565167,
    "max": {
      "len": 1537,
      "drawdown": 0.03522051126092265,
      "moneydown": 35.22051126092265
    }
  },
  "returns": {
    "rtot": -0.000277299237336414,
    "ravg": -1.3204725587448285e-05,
    "rnorm": -0.0033220605534974583,
    "rnorm100": -0.33220605534974584
  },
  "trades": {
    "total": {
      "total": 114,
      "open": 0,
      "closed": 114
    },
    "streak": {
      "won": {
        "current": 0,
        "longest": 3
      },
      "lost": {
        "current": 10,
        "longest": 25
      }
    },
    "pnl": {
      "gross": {
        "total": 49.66162109375,
        "average": 0.4356282552083333
      },
      "net": {
        "total": -27.726079345703134,
        "average": -0.24321122233072925
      }
    },
    "won": {
      "total": 16,
      "pnl": {
        "total": 17.130438903808596,
        "average": 1.0706524314880372,
        "max": 9.396242340087891
      }
    },
    "lost": {
      "total": 98,
      "pnl": {
        "total": -44.856518249511744,
        "average": -0.4577195739746096,
        "max": -1.6651604614257813
      }
    },
    "long": {
      "total": 114,
      "pnl": {
        "total": -27.726079345703134,
        "average": -0.24321122233072925,
        "won": {
          "total": 17.130438903808596,
          "average": 1.0706524314880372,
          "max": 9.396242340087891
        },
        "lost": {
          "total": -44.856518249511744,
          "average": -0.4577195739746096,
          "max": -1.6651604614257813
        }
      },
      "won": 16,
      "lost": 98
    },
    "short": {
      "total": 0,
      "pnl": {
        "total": 0.0,
        "average": 0.0,
        "won": {
          "total": 0.0,
          "average": 0.0,
          "max": 0.0
        },
        "lost": {
          "total": 0.0,
          "average": 0.0,
          "max": 0.0
        }
      },
      "won": 0,
      "lost": 0
    },
    "len": {
      "total": 153,
      "average": 1.3421052631578947,
      "max": 5,
      "min": 1,
      "won": {
        "total": 42,
        "average": 2.625,
        "max": 5,
        "min": 1
      },
      "lost": {
        "total": 111,
        "average": 1.1326530612244898,
        "max": 3,
        "min": 1
      },
      "long": {
        "total": 153,
        "average": 1.3421052631578947,
        "max": 5,
        "min": 1,
        "won": {
          "total": 42,
          "average": 2.625,
          "max": 5,
          "min": 1
        },
        "lost": {
          "total": 111,
          "average": 1.1326530612244898,
          "max": 3,
          "min": 1
        }
      },
      "short": {
        "total": 0,
        "average": 0.0,
        "max": 0,
        "min": 9223372036854775807,
        "won": {
          "total": 0,
          "average": 0.0,
          "max": 0,
          "min": 9223372036854775807
        },
        "lost": {
          "total": 0,
          "average": 0.0,
          "max": 0,
          "min": 9223372036854775807
        }
      }
    }
  },
  "threshold": 0.65
}