{
  "initial_value": 100000,
  "final_value": 99665.9856892396,
  "total_return": -0.33401431076039445,
  "sharpe": {
    "sharperatio": null
  },
  "drawdown": {
    "len": 1689,
    "drawdown": 0.33401431076039445,
    "moneydown": 334.01431076039444,
    "max": {
      "len": 1689,
      "drawdown": 0.33401431076039445,
      "moneydown": 334.01431076039444
    }
  },
  "returns": {
    "rtot": -0.003345733838292055,
    "ravg": -0.0001454666886213937,
    "rnorm": -0.035993850779591365,
    "rnorm100": -3.5993850779591363
  },
  "trades": {
    "total": {
      "total": 167,
      "open": 0,
      "closed": 167
    },
    "streak": {
      "won": {
        "current": 0,
        "longest": 3
      },
      "lost": {
        "current": 7,
        "longest": 22
      }
    },
    "pnl": {
      "gross": {
        "total": 459.44122314453125,
        "average": 2.751145048769648
      },
      "net": {
        "total": -334.01431076049823,
        "average": -2.000085693176636
      }
    },
    "won": {
      "total": 27,
      "pnl": {
        "total": 135.111598449707,
        "average": 5.004133275915074,
        "max": 65.77369638061523
      }
    },
    "lost": {
      "total": 140,
      "pnl": {
        "total": -469.12590921020524,
        "average": -3.350899351501466,
        "max": -20.745261779785157
      }
    },
    "long": {
      "total": 167,
      "pnl": {
        "total": -334.01431076049823,
        "average": -2.000085693176636,
        "won": {
          "total": 135.111598449707,
          "average": 5.004133275915074,
          "max": 65.77369638061523
        },
        "lost": {
          "total": -469.12590921020524,
          "average": -3.350899351501466,
          "max": -20.745261779785157
        }
      },
      "won": 27,
      "lost": 140
    },
    "short": {
      "total": 0,
      "pnl": {
        "total": 0.0,
        "average": 0.0,
        "won": {
          "total": 0.0,
          "average": 0.0,
          "max": 0.0
        },
        "lost": {
          "total": 0.0,
          "average": 0.0,
          "max": 0.0
        }
      },
      "won": 0,
      "lost": 0
    },
    "len": {
      "total": 255,
      "average": 1.526946107784431,
      "max": 5,
      "min": 1,
      "won": {
        "total": 70,
        "average": 2.5925925925925926,
        "max": 5,
        "min": 1
      },
      "lost": {
        "total": 185,
        "average": 1.3214285714285714,
        "max": 5,
        "min": 1
      },
      "long": {
        "total": 255,
        "average": 1.526946107784431,
        "max": 5,
        "min": 1,
        "won": {
          "total": 70,
          "average": 2.5925925925925926,
          "max": 5,
          "min": 1
        },
        "lost": {
          "total": 185,
          "average": 1.3214285714285714,
          "max": 5,
          "min": 1
        }
      },
      "short": {
        "total": 0,
        "average": 0.0,
        "max": 0,
        "min": 9223372036854775807,
        "won": {
          "total": 0,
          "average": 0.0,
          "max": 0,
          "min": 9223372036854775807
        },
        "lost": {
          "total": 0,
          "average": 0.0,
          "max": 0,
          "min": 9223372036854775807
        }
      }
    }
  },
  "threshold": 0.6
}