{
  "initial_value": 100000,
  "final_value": 99952.58748562637,
  "total_return": -0.04741251437363098,
  "sharpe": {
    "sharperatio": null
  },
  "drawdown": {
    "len": 1537,
    "drawdown": 0.04741251437363098,
    "moneydown": 47.412514373630984,
    "max": {
      "len": 1537,
      "drawdown": 0.04741251437363098,
      "moneydown": 47.412514373630984
    }
  },
  "returns": {
    "rtot": -0.00047423757660187976,
    "ravg": -2.2582741742946654e-05,
    "rnorm": -0.005674688700589832,
    "rnorm100": -0.5674688700589832
  },
  "trades": {
    "total": {
      "total": 195,
      "open": 0,
      "closed": 195
    },
    "streak": {
      "won": {
        "current": 0,
        "longest": 3
      },
      "lost": {
        "current": 7,
        "longest": 23
      }
    },
    "pnl": {
      "gross": {
        "total": 85.11004638671875,
        "average": 0.43646177634214745
      },
      "net": {
        "total": -47.41251437377932,
        "average": -0.24314109935271444
      }
    },
    "won": {
      "total": 39,
      "pnl": {
        "total": 27.242877899169923,
        "average": 0.6985353307479467,
        "max": 9.396242340087891
      }
    },
    "lost": {
      "total": 156,
      "pnl": {
        "total": -74.65539227294926,
        "average": -0.47856020687787987,
        "max": -1.73030859375
      }
    },
    "long": {
      "total": 195,
      "pnl": {
        "total": -47.41251437377932,
        "average": -0.24314109935271444,
        "won": {
          "total": 27.242877899169923,
          "average": 0.6985353307479467,
          "max": 9.396242340087891
        },
        "lost": {
          "total": -74.65539227294926,
          "average": -0.47856020687787987,
          "max": -1.73030859375
        }
      },
      "won": 39,
      "lost": 156
    },
    "short": {
      "total": 0,
      "pnl": {
        "total": 0.0,
        "average": 0.0,
        "won": {
          "total": 0.0,
          "average": 0.0,
          "max": 0.0
        },
        "lost": {
          "total": 0.0,
          "average": 0.0,
          "max": 0.0
        }
      },
      "won": 0,
      "lost": 0
    },
    "len": {
      "total": 346,
      "average": 1.7743589743589743,
      "max": 8,
      "min": 1,
      "won": {
        "total": 122,
        "average": 3.128205128205128,
        "max": 8,
        "min": 1
      },
      "lost": {
        "total": 224,
        "average": 1.435897435897436,
        "max": 5,
        "min": 1
      },
      "long": {
        "total": 346,
        "average": 1.7743589743589743,
        "max": 8,
        "min": 1,
        "won": {
          "total": 122,
          "average": 3.128205128205128,
          "max": 8,
          "min": 1
        },
        "lost": {
          "total": 224,
          "average": 1.435897435897436,
          "max": 5,
          "min": 1
        }
      },
      "short": {
        "total": 0,
        "average": 0.0,
        "max": 0,
        "min": 9223372036854775807,
        "won": {
          "total": 0,
          "average": 0.0,
          "max": 0,
          "min": 9223372036854775807
        },
        "lost": {
          "total": 0,
          "average": 0.0,
          "max": 0,
          "min": 9223372036854775807
        }
      }
    }
  },
  "threshold": 0.55
}