{
  "initial_value": 100000,
  "final_value": 99960.69679357923,
  "total_return": -0.03930320642076549,
  "sharpe": {
    "sharperatio": null
  },
  "drawdown": {
    "len": 1537,
    "drawdown": 0.03930320642076549,
    "moneydown": 39.30320642076549,
    "max": {
      "len": 1537,
      "drawdown": 0.04107950823965075,
      "moneydown": 41.07950823965075
    }
  },
  "returns": {
    "rtot": -0.00039310932155319693,
    "ravg": -1.8719491502533187e-05,
    "rnorm": -0.004706202818186737,
    "rnorm100": -0.47062028181867366
  },
  "trades": {
    "total": {
      "total": 164,
      "open": 0,
      "closed": 164
    },
    "streak": {
      "won": {
        "current": 0,
        "longest": 4
      },
      "lost": {
        "current": 3,
        "longest": 17
      }
    },
    "pnl": {
      "gross": {
        "total": 72.1357421875,
        "average": 0.43985208650914637
      },
      "net": {
        "total": -39.303206420898434,
        "average": -0.23965369768840508
      }
    },
    "won": {
      "total": 33,
      "pnl": {
        "total": 21.81630166625977,
        "average": 0.6611000504927202,
        "max": 9.396242340087891
      }
    },
    "lost": {
      "total": 131,
      "pnl": {
        "total": -61.119508087158216,
        "average": -0.46656113043632225,
        "max": -1.6651604614257813
      }
    },
    "long": {
      "total": 164,
      "pnl": {
        "total": -39.303206420898434,
        "average": -0.23965369768840508,
        "won": {
          "total": 21.81630166625977,
          "average": 0.6611000504927202,
          "max": 9.396242340087891
        },
        "lost": {
          "total": -61.119508087158216,
          "average": -0.46656113043632225,
          "max": -1.6651604614257813
        }
      },
      "won": 33,
      "lost": 131
    },
    "short": {
      "total": 0,
      "pnl": {
        "total": 0.0,
        "average": 0.0,
        "won": {
          "total": 0.0,
          "average": 0.0,
          "max": 0.0
        },
        "lost": {
          "total": 0.0,
          "average": 0.0,
          "max": 0.0
        }
      },
      "won": 0,
      "lost": 0
    },
    "len": {
      "total": 258,
      "average": 1.5731707317073171,
      "max": 5,
      "min": 1,
      "won": {
        "total": 90,
        "average": 2.727272727272727,
        "max": 5,
        "min": 1
      },
      "lost": {
        "total": 168,
        "average": 1.282442748091603,
        "max": 4,
        "min": 1
      },
      "long": {
        "total": 258,
        "average": 1.5731707317073171,
        "max": 5,
        "min": 1,
        "won": {
          "total": 90,
          "average": 2.727272727272727,
          "max": 5,
          "min": 1
        },
        "lost": {
          "total": 168,
          "average": 1.282442748091603,
          "max": 4,
          "min": 1
        }
      },
      "short": {
        "total": 0,
        "average": 0.0,
        "max": 0,
        "min": 9223372036854775807,
        "won": {
          "total": 0,
          "average": 0.0,
          "max": 0,
          "min": 9223372036854775807
        },
        "lost": {
          "total": 0,
          "average": 0.0,
          "max": 0,
          "min": 9223372036854775807
        }
      }
    }
  },
  "threshold": 0.6
}