{
  "initial_value": 100000,
  "final_value": 99997.26824844371,
  "total_return": -0.0027317515562899643,
  "sharpe": {
    "sharperatio": null
  },
  "drawdown": {
    "len": 589,
    "drawdown": 0.00391825959900405,
    "moneydown": 3.918306091291015,
    "max": {
      "len": 955,
      "drawdown": 0.014036404002845147,
      "moneydown": 14.03655145256198
    }
  },
  "returns": {
    "rtot": -2.7317888693075973e-05,
    "ravg": -1.1877342910033033e-06,
    "rnorm": -0.00029926425285036466,
    "rnorm100": -0.029926425285036466
  },
  "trades": {
    "total": {
      "total": 45,
      "open": 0,
      "closed": 45
    },
    "streak": {
      "won": {
        "current": 0,
        "longest": 4
      },
      "lost": {
        "current": 5,
        "longest": 24
      }
    },
    "pnl": {
      "gross": {
        "total": 27.75201416015625,
        "average": 0.61671142578125
      },
      "net": {
        "total": -2.731751556396481,
        "average": -0.06070559014214402
      }
    },
    "won": {
      "total": 10,
      "pnl": {
        "total": 14.94707015991211,
        "average": 1.494707015991211,
        "max": 9.396242340087891
      }
    },
    "lost": {
      "total": 35,
      "pnl": {
        "total": -17.67882171630859,
        "average": -0.5051091918945312,
        "max": -1.7940398559570312
      }
    },
    "long": {
      "total": 45,
      "pnl": {
        "total": -2.731751556396481,
        "average": -0.06070559014214402,
        "won": {
          "total": 14.94707015991211,
          "average": 1.494707015991211,
          "max": 9.396242340087891
        },
        "lost": {
          "total": -17.67882171630859,
          "average": -0.5051091918945312,
          "max": -1.7940398559570312
        }
      },
      "won": 10,
      "lost": 35
    },
    "short": {
      "total": 0,
      "pnl": {
        "total": 0.0,
        "average": 0.0,
        "won": {
          "total": 0.0,
          "average": 0.0,
          "max": 0.0
        },
        "lost": {
          "total": 0.0,
          "average": 0.0,
          "max": 0.0
        }
      },
      "won": 0,
      "lost": 0
    },
    "len": {
      "total": 62,
      "average": 1.3777777777777778,
      "max": 5,
      "min": 1,
      "won": {
        "total": 24,
        "average": 2.4,
        "max": 5,
        "min": 1
      },
      "lost": {
        "total": 38,
        "average": 1.0857142857142856,
        "max": 2,
        "min": 1
      },
      "long": {
        "total": 62,
        "average": 1.3777777777777778,
        "max": 5,
        "min": 1,
        "won": {
          "total": 24,
          "average": 2.4,
          "max": 5,
          "min": 1
        },
        "lost": {
          "total": 38,
          "average": 1.0857142857142856,
          "max": 2,
          "min": 1
        }
      },
      "short": {
        "total": 0,
        "average": 0.0,
        "max": 0,
        "min": 9223372036854775807,
        "won": {
          "total": 0,
          "average": 0.0,
          "max": 0,
          "min": 9223372036854775807
        },
        "lost": {
          "total": 0,
          "average": 0.0,
          "max": 0,
          "min": 9223372036854775807
        }
      }
    }
  },
  "threshold": 0.7
}